Pressure Difference_alarm,Fuel pressure_alarm,Pressure Sum,RPM Coolant Pressure Product,Coolant pressure_alarm,Anomaly_Score,Anomaly_Label,Cluster,Alarm_Extended,Nearest_Index,Engine rpm,Lub oil pressure,Fuel pressure_engine,Coolant pressure_engine,lub oil temp,Coolant temp,Engine Condition,Pressure Difference_engine
5.981594093723046,5.245553224081687,5.875055643911118,-0.0405991384834346,-0.7360408696413592,-0.0844470174406101,-1,1,Normal,6071,880,4.352802479,5.537123088,0.037221623,77.33771576,80.74723584,0,5.499901465000001
-3.1415562410069198,0.3288586607184939,2.9322453777579023,6.753462215366105,3.4704149017254133,-0.1185235423658052,-1,0,Normal,16927,757,2.380726329,0.316456269,3.370730886,76.08136351,78.05013464,0,-3.054274617
-2.920995765476221,0.4112403332605039,1.310372537482474,2.9232642216082416,3.332236098736725,-0.0471277315625294,-1,0,Normal,16927,757,2.380726329,0.316456269,3.370730886,76.08136351,78.05013464,0,-3.054274617
0.6406647762790332,4.125054908448124,6.687923985239536,-3.349429749330293,3.484390132169091,-0.1300084867893518,-1,1,Normal,5990,825,4.119940474,4.13513745,3.513194787,76.58104499,75.6584191,1,0.621942663
-3.269744096344021,-0.1631174441651435,0.4239394267292128,8.762039477649276,3.106626652178877,-0.0700240981289924,-1,0,Normal,9698,592,2.732990938,0.050258467,3.0841565,80.17340833,87.26852472,0,-3.0338980330000003
-3.3460665536703305,-2.149741185458549,-1.7791740269234002,0.3655114214080577,1.1963253682117811,-0.0064393383932618,-1,2,Normal,16837,440,2.42658244,0.050702934,2.170358472,76.00068053,84.07794799,1,-2.1196555380000004
0.3016028488614286,3.585315524603831,3.039306763320538,2.6107391245654283,3.2837126757424024,-0.0984776912440894,-1,1,Normal,18899,1227,3.103696214,3.600701079,3.304792681,75.68609919,68.59585288,0,0.2959083979999999
4.4169268945860125,3.1352792255547213,3.923650985683699,1.5385234300942403,-1.2816476690312912,-0.0769538833114422,-1,1,Normal,17357,625,4.778378545,4.029163811,0.113936945,77.7600425,73.86826652,0,3.9152268660000002
4.568778452834289,4.16595906132889,3.554206311974789,0.2020676401498496,-0.4028193915053983,-0.0534316382186601,-1,1,Normal,8915,749,4.711205105,4.482303524,0.028292524,75.93688478,78.2094084,1,4.4540109999999995
-3.4859926365554403,-0.4103263484973431,-1.589293403287272,6.743837543388077,3.0756662880580974,-0.084793725454856,-1,0,Normal,9698,592,2.732990938,0.050258467,3.0841565,80.17340833,87.26852472,0,-3.0338980330000003
3.629798041274878,2.915238411769331,5.222261504817009,-1.355827485761458,-0.7145596295055467,-0.0624163889861912,-1,1,Normal,17150,617,2.898176092,3.381648443,0.201356299,77.66972866,80.60918994,0,3.180292144
-4.351842110578213,-0.7234777456109055,-0.822411264355376,-1.955695466593956,3.628364364967307,-0.0493496877841331,-1,2,Normal,9698,592,2.732990938,0.050258467,3.0841565,80.17340833,87.26852472,0,-3.0338980330000003
-4.194012019064316,-0.6202584829435687,-1.8949973684340533,-0.256932988411727,3.573753536120748,-0.0560932829563409,-1,2,Normal,9698,592,2.732990938,0.050258467,3.0841565,80.17340833,87.26852472,0,-3.0338980330000003
4.435305162516424,3.8115815145555354,4.477387372410322,-0.4749190114919578,-0.6237236479608895,-0.0636694024434536,-1,1,Normal,17357,625,4.778378545,4.029163811,0.113936945,77.7600425,73.86826652,0,3.9152268660000002
-1.4303305359152696,0.8309135168366019,1.5875022968789845,5.312998507193381,2.261244052751872,-0.0436975033395508,-1,0,Normal,933,1049,2.088749776,0.71641769,2.252879467,88.17793095,75.81778713,0,-1.536461777
-4.705081853498123,-1.6530906250062083,-1.5851266733357,3.1564186557478227,3.051991228491914,-0.1005625940608233,-1,0,Basınç Farkı Sorunu,9698,592,2.732990938,0.050258467,3.0841565,80.17340833,87.26852472,0,-3.0338980330000003
3.717774182878451,3.4815507290539887,3.890372694173049,-0.5108917833096454,-0.2362234538244622,-0.0184171701266083,-1,1,Normal,18979,770,1.861567972,3.744753617,0.179036348,76.93771103,80.40789166,1,3.5657172690000003
-3.344451891667102,-0.8559544343964218,-2.0838859674048797,-2.299119173307298,2.48849745727068,-0.0206136799705577,-1,2,Normal,14766,671,2.048599975,0.029335341,3.009759199,73.45399206,77.40100735,0,-2.980423858
-5.363028568104972,-0.9137362740769358,-1.3406256639453968,-5.224662322438418,4.449292294028036,-0.1161252620004568,-1,2,Normal,1256,1349,2.611412646,0.353161674,5.112238267,76.65548154,81.68879974,0,-4.7590765930000005
-4.033850518524018,-0.8232812828667593,-1.051472899692422,-4.993808974132195,3.210569235657258,-0.0697070722142096,-1,2,Normal,9698,592,2.732990938,0.050258467,3.0841565,80.17340833,87.26852472,0,-3.0338980330000003
5.109633673246205,4.261000692681223,4.2094426905010325,0.8855299015188428,-0.8486329805649827,-0.0754792229197323,-1,1,Normal,2702,779,3.479504563,4.667486076,0.015665224,77.25750551,72.87544025,1,4.651820852
3.312593605414077,4.655845383331352,5.051355293153099,-1.5974159838874196,1.3432517779172746,-0.1045213755893551,-1,1,Normal,11618,594,2.64949406,4.652615732,1.344979687,76.64429688,81.4870314,0,3.307636045
-2.406545477202704,0.53571551525477,-0.3538897313415237,4.758125445065772,2.942260992457474,-0.0407162996389156,-1,0,Normal,10438,649,1.757340275,0.671118274,2.947765862,77.94745523,77.75162377,1,-2.276647588
1.9621075038504885,4.141882801154865,4.446814708079453,-1.199339681106344,2.1797752973043765,-0.0864510387887472,-1,1,Normal,6619,842,3.734546824,4.145864498,2.176459507,82.82893987,74.89715119,0,1.9694049909999998
3.5591187886621416,4.169864057828484,3.611960527973314,-0.472975878229497,0.6107452691663422,-0.0459391775734043,-1,1,Normal,15061,933,4.248647667,4.141617112,0.638075321,84.45551866,81.32628785,0,3.5035417909999995
-2.877530564010722,0.0269463687123157,1.235450570857856,5.619580377881452,2.9044769327230378,-0.0665142484618472,-1,0,Normal,14766,671,2.048599975,0.029335341,3.009759199,73.45399206,77.40100735,0,-2.980423858
3.0195783917971863,3.6078721302990377,4.917709087477915,-0.0115178456958337,0.5882937385018514,-0.0190760206676061,-1,1,Normal,4749,926,2.403179481,3.523226248,0.519144288,84.2275475,83.11602284,0,3.0040819599999997
3.676735532113,3.1822799974012663,3.5794081293578426,-0.8790684284583692,-0.4944555347117338,-0.0233030371190592,-1,1,Normal,17150,617,2.898176092,3.381648443,0.201356299,77.66972866,80.60918994,0,3.180292144
3.7910760534142103,4.181892095374804,2.67370328587646,-0.1872838104294694,0.3908160419605936,-0.0192498574327304,-1,1,Normal,3656,400,3.717109487,4.124321566,0.439110813,76.41543137,80.10387695,1,3.685210753
4.345898302266126,3.97428111562202,3.512940337251448,0.2211326097965027,-0.3716171866441061,-0.0500578148675077,-1,1,Normal,17357,625,4.778378545,4.029163811,0.113936945,77.7600425,73.86826652,0,3.9152268660000002
-1.8960812836961205,0.469481113526706,0.1306347115936076,6.000092732319648,2.3655623972228264,-0.0355283203242663,-1,0,Normal,9298,485,2.754458406,0.464514665,2.405667293,76.27224433,89.43656359,0,-1.941152628
-3.283781668174756,0.1227489591608551,1.7085431629309775,4.78333214976599,3.406530627335611,-0.0909251216328719,-1,0,Normal,16927,757,2.380726329,0.316456269,3.370730886,76.08136351,78.05013464,0,-3.054274617
5.6870174947882415,4.420779882271954,3.51831075035518,1.1698750844182164,-1.2662376125162875,-0.0855666300399751,-1,1,Normal,17161,609,5.30282903,5.364378888,0.002482733,78.34912613,84.53566473,0,5.361896155
3.695476583733023,3.0784004659806143,3.488155225033125,0.2150029465114184,-0.6170761177524083,-0.0073537617156009,-1,1,Normal,17150,617,2.898176092,3.381648443,0.201356299,77.66972866,80.60918994,0,3.180292144
-3.4669094512569827,0.1381741821232212,-0.6756207428253466,0.6973047742012025,3.605083633380204,-0.0017385408412168,-1,2,Normal,16927,757,2.380726329,0.316456269,3.370730886,76.08136351,78.05013464,0,-3.054274617
-2.251755833198218,-0.0108073638171139,-0.8654180300091713,4.511642201044416,2.240948469381104,-0.0186451165412233,-1,0,Normal,16837,440,2.42658244,0.050702934,2.170358472,76.00068053,84.07794799,1,-2.1196555380000004
3.6013078186610725,3.3069747918495107,3.9712887763077456,0.267534329020561,-0.2943330268115619,-0.0192200115594709,-1,1,Normal,18979,770,1.861567972,3.744753617,0.179036348,76.93771103,80.40789166,1,3.5657172690000003
-1.773892628738854,1.118742251622059,0.3827491659826378,6.039852630826185,2.892634880360913,-0.0696687062117222,-1,0,Normal,11667,403,3.535621721,1.126809953,2.775530767,77.23479668,76.86974735,1,-1.6487208139999998
-3.250828536335662,1.2226385106184972,0.5702403196787453,-3.046442843390136,4.473467046954159,-0.0790618934900589,-1,2,Normal,9227,696,1.858200531,1.310096659,4.544082936,77.2019565,84.98734522,1,-3.2339862769999996
-3.753258196291002,0.0725912362398018,-0.5599948039902192,-5.364669729131354,3.825849432530804,-0.0861405769667766,-1,2,Normal,16927,757,2.380726329,0.316456269,3.370730886,76.08136351,78.05013464,0,-3.054274617
-4.244996665833544,-0.3295331103836277,-1.4270343915822346,-1.5837070635053312,3.915463555449916,-0.0632510034519893,-1,2,Normal,16927,757,2.380726329,0.316456269,3.370730886,76.08136351,78.05013464,0,-3.054274617
-5.060299213823902,-0.9245348000323428,-0.118723876679086,3.4118071056955688,4.135764413791559,-0.110506900576091,-1,0,Basınç Farkı Sorunu,1256,1349,2.611412646,0.353161674,5.112238267,76.65548154,81.68879974,0,-4.7590765930000005
-1.7719105983962704,1.1921721929859888,0.2403236582143159,6.72070204844912,2.964082791382259,-0.0702870185186261,-1,0,Normal,18587,449,3.956200986,1.329914812,3.014726171,77.44956559,83.33786586,1,-1.684811359
2.929066161741384,3.757081841908798,4.445803322190692,-0.9908775306134862,0.8280156801674141,-0.0536663469763801,-1,1,Normal,1740,644,4.198998224,3.757913994,0.834959611,77.777935,73.46205538,0,2.922954383
-3.7774492904573336,-0.993783283893743,-0.1660990026374915,-2.665444500203121,2.7836660065635908,-0.0286460460219167,-1,2,Normal,14766,671,2.048599975,0.029335341,3.009759199,73.45399206,77.40100735,0,-2.980423858
4.198874113755196,3.301824477605198,3.5534355735041423,0.3427212441903594,-0.8970496361499976,-0.0347013576770383,-1,1,Normal,17357,625,4.778378545,4.029163811,0.113936945,77.7600425,73.86826652,0,3.9152268660000002
-1.1950617773408507,-2.39297189529713,-3.5897685639974206,1.227610820674869,-1.1979101179562792,-0.0278682704696534,-1,2,Normal,17888,883,3.271646521,0.012639849,0.511699536,78.90067605,82.03925667,0,-0.499059687
2.4347217944702715,3.008834754350892,5.09000002115214,-0.3759547792769266,0.5741129598806204,-0.0048638191565809,-1,1,Normal,18710,812,4.408775679,3.111075346,0.759169429,77.57117427,77.70562208,1,2.351905917
-4.271898244879694,0.4112918372722131,-0.5663828631502512,2.5683754593198,4.683190082151906,-0.0949292312631098,-1,0,Basınç Farkı Sorunu,1256,1349,2.611412646,0.353161674,5.112238267,76.65548154,81.68879974,0,-4.7590765930000005
3.929716851965156,2.617960707894606,3.345493926647345,-2.028192749216165,-1.31175614407055,-0.0533119820397317,-1,1,Normal,17150,617,2.898176092,3.381648443,0.201356299,77.66972866,80.60918994,0,3.180292144
3.857677475839036,2.9463816163482988,3.0338390953620613,0.0825440259866216,-0.9112958594907368,-0.0001915669417411,-1,1,Normal,17150,617,2.898176092,3.381648443,0.201356299,77.66972866,80.60918994,0,3.180292144
2.150106387656644,3.275940071669889,3.68493022410888,-1.2799598304992104,1.125833684013245,-0.038829678860512,-1,1,Normal,10257,703,4.533986907,3.291133296,1.102871256,75.21201435,79.8697983,1,2.1882620399999997
3.4748763907152536,3.303463587344929,4.273013094295697,-0.0523714861125772,-0.1714128033703244,-0.0085253215262273,-1,1,Normal,17150,617,2.898176092,3.381648443,0.201356299,77.66972866,80.60918994,0,3.180292144
-4.533009391523595,-0.924820962768455,-1.5767906545110804,-4.331363893503224,3.60818842875514,-0.0988418474188707,-1,2,Normal,9698,592,2.732990938,0.050258467,3.0841565,80.17340833,87.26852472,0,-3.0338980330000003
-1.9239321636556368,1.7417814691558355,1.2643473736088306,2.202142230104321,3.6657136328114728,-0.0566783275241061,-1,0,Normal,15237,776,4.677278115,1.908663768,3.833932556,76.29425002,82.99867653,1,-1.9252687880000001
4.768537942537504,4.135951158013934,3.882401383675752,-0.4225704203172241,-0.6325867845235704,-0.0496906540418341,-1,1,Normal,8915,749,4.711205105,4.482303524,0.028292524,75.93688478,78.2094084,1,4.4540109999999995
-4.6174039429361216,-0.5083522613706674,-3.504532838022239,1.9156950520852616,4.109051681565454,-0.1226735230994885,-1,0,Basınç Farkı Sorunu,1256,1349,2.611412646,0.353161674,5.112238267,76.65548154,81.68879974,0,-4.7590765930000005
-3.2044918151360013,0.184398951500688,-0.8872077411349569,5.125813381495691,3.388890766636689,-0.068198615094,-1,0,Normal,16927,757,2.380726329,0.316456269,3.370730886,76.08136351,78.05013464,0,-3.054274617
1.5253800361610104,3.8680788800412462,3.069277616365835,-0.3522681035605876,2.342698843880236,-0.0321447443279023,-1,1,Normal,12481,388,4.902418739,3.839423166,2.336178331,74.96267647,78.79189827,1,1.5032448349999998
-4.739223770076601,-0.512773486346441,-1.0657769355109386,0.5174117317025797,4.226450283730159,-0.0536542148613423,-1,2,Normal,1256,1349,2.611412646,0.353161674,5.112238267,76.65548154,81.68879974,0,-4.7590765930000005
4.098706306784863,3.7795906198631735,3.4585106320214454,0.0921071014928986,-0.3191156869216901,-0.0426003597087611,-1,1,Normal,17357,625,4.778378545,4.029163811,0.113936945,77.7600425,73.86826652,0,3.9152268660000002
-2.641168582757526,-1.769077490592729,-2.5175612159469063,1.781828957605508,0.8720910921647975,-0.0048233617485499,-1,0,Normal,8482,852,1.826802862,0.003187131,1.604831193,74.78632291,78.05077611,0,-1.601644062
-3.889246031321073,-0.0933033071726133,0.2514143188301193,1.6420552901311074,3.79594272414846,-0.0534248812483239,-1,0,Normal,16927,757,2.380726329,0.316456269,3.370730886,76.08136351,78.05013464,0,-3.054274617
4.461497249850449,2.428117065612349,2.175092405949003,2.0685984213245936,-2.0333801842381,-0.0779167767891392,-1,1,Normal,18979,770,1.861567972,3.744753617,0.179036348,76.93771103,80.40789166,1,3.5657172690000003
-3.180075820638881,-2.0266559840979244,-2.6615814072384527,-0.4579091340888652,1.1534198365409565,-0.0217608390282502,-1,2,Normal,16837,440,2.42658244,0.050702934,2.170358472,76.00068053,84.07794799,1,-2.1196555380000004
-3.466740962901025,-0.1792154471542172,-0.4614076347412721,2.3926401360614453,3.2875255157468075,-0.028202193516555,-1,0,Normal,9698,592,2.732990938,0.050258467,3.0841565,80.17340833,87.26852472,0,-3.0338980330000003
0.3546392204907092,-1.522479414422351,-2.555368858023184,-6.9637497486728615,-1.87711863491306,-0.0566076430422415,-1,2,Normal,17888,883,3.271646521,0.012639849,0.511699536,78.90067605,82.03925667,0,-0.499059687
2.898130576428348,3.93952491548748,3.5508766166891346,-0.4951573144294334,1.041394339059132,-0.0323745314359207,-1,1,Normal,41,659,3.129533562,3.961213245,1.047239056,83.95811494,75.76059821,0,2.913974189
2.605173534163753,3.876251947347449,1.2924244744997613,-0.5521181602029765,1.271078413183696,-0.0117260035208027,-1,1,Normal,7073,878,4.459100592,3.903002497,1.301864975,74.7307767,91.03230307,1,2.601137522
-3.4820632683379515,-0.3779317510907554,-1.7096199605860531,1.7255807086892083,3.104131517247196,-0.0299271920206701,-1,0,Normal,9698,592,2.732990938,0.050258467,3.0841565,80.17340833,87.26852472,0,-3.0338980330000003
3.820849911801515,2.741876915256139,4.598898766649016,0.9202541265632656,-1.0789729965453765,-0.0477275145313005,-1,1,Normal,17150,617,2.898176092,3.381648443,0.201356299,77.66972866,80.60918994,0,3.180292144
4.142997227763996,3.696491251232599,3.200945450695785,0.1505669514202295,-0.4465059765313963,-0.0305109436207764,-1,1,Normal,17357,625,4.778378545,4.029163811,0.113936945,77.7600425,73.86826652,0,3.9152268660000002
4.491250590477799,3.5706994394446574,3.660013900359199,0.8332960121197645,-0.920551151033142,-0.0525986230700936,-1,1,Normal,17357,625,4.778378545,4.029163811,0.113936945,77.7600425,73.86826652,0,3.9152268660000002
-3.3111392601848326,0.4515412412388931,-1.0460610514063928,6.506698582596509,3.7626805014237257,-0.0882383728775876,-1,0,Normal,16927,757,2.380726329,0.316456269,3.370730886,76.08136351,78.05013464,0,-3.054274617
-2.8192747489622816,-0.045566113436453,-0.3892197510763149,4.599562819778486,2.7737086355258285,-0.0236070449563555,-1,0,Normal,14766,671,2.048599975,0.029335341,3.009759199,73.45399206,77.40100735,0,-2.980423858
-3.040575788957303,0.2408096392117569,-0.7910352004360486,4.423676426480522,3.28138542816906,-0.0492326981281779,-1,0,Normal,16927,757,2.380726329,0.316456269,3.370730886,76.08136351,78.05013464,0,-3.054274617
-5.039367796619572,-0.6429462105362651,-1.3909605152852569,-2.616111993838809,4.3964215860833065,-0.0913431745628247,-1,2,Normal,1256,1349,2.611412646,0.353161674,5.112238267,76.65548154,81.68879974,0,-4.7590765930000005
-4.886567766648359,-0.9423279623097554,0.6829275698435104,0.291254936184449,3.944239804338604,-0.0598214551570707,-1,2,Normal,1256,1349,2.611412646,0.353161674,5.112238267,76.65548154,81.68879974,0,-4.7590765930000005
1.8120676511623963,3.3050886584384305,3.566591095694852,1.1702993418196126,1.4930210072760342,-0.0416036844296735,-1,1,Normal,11048,571,2.696629586,3.291012449,1.489982836,75.12328742,88.37288408,1,1.801029613
3.911988344531229,3.4397108040583704,4.761585881007765,0.6022310313718718,-0.4722775404728586,-0.0465595014974697,-1,1,Normal,18979,770,1.861567972,3.744753617,0.179036348,76.93771103,80.40789166,1,3.5657172690000003
4.810921054163843,2.9624134786968512,4.885808167420407,-0.1364995493775231,-1.8485075754669915,-0.0774982909503196,-1,1,Normal,17357,625,4.778378545,4.029163811,0.113936945,77.7600425,73.86826652,0,3.9152268660000002
3.767813584524531,2.7641071912434017,4.564393693175834,0.2334414502900246,-1.0037063932811292,-0.0288699116247712,-1,1,Normal,17150,617,2.898176092,3.381648443,0.201356299,77.66972866,80.60918994,0,3.180292144
3.653473604835021,4.057285274269768,3.702252762054878,0.7707316826738702,0.4038116694347469,-0.0456125600861547,-1,1,Normal,3656,400,3.717109487,4.124321566,0.439110813,76.41543137,80.10387695,1,3.685210753
4.165286299180661,3.1426608732345858,3.822650864798461,0.6811249762610607,-1.022625425946075,-0.0442732115540158,-1,1,Normal,17357,625,4.778378545,4.029163811,0.113936945,77.7600425,73.86826652,0,3.9152268660000002
4.834976363683809,3.46195533963031,5.2673713614996425,2.099719699829767,-1.3730210240534984,-0.1297263627695443,-1,1,Normal,8915,749,4.711205105,4.482303524,0.028292524,75.93688478,78.2094084,1,4.4540109999999995
-4.962131842081535,-1.482306390325525,-0.872751206096014,-4.255295339703908,3.479825451756009,-0.1172970446037257,-1,2,Normal,1256,1349,2.611412646,0.353161674,5.112238267,76.65548154,81.68879974,0,-4.7590765930000005
-4.171676834051981,-0.7953629824224743,-1.6093201844517289,3.2773525402692605,3.376313851629507,-0.0884841916426965,-1,0,Basınç Farkı Sorunu,9698,592,2.732990938,0.050258467,3.0841565,80.17340833,87.26852472,0,-3.0338980330000003
-4.459875262055862,-1.4553968024700588,-1.2326210003504894,-0.7436891189955939,3.0044784595858025,-0.0337291189884317,-1,2,Normal,9698,592,2.732990938,0.050258467,3.0841565,80.17340833,87.26852472,0,-3.0338980330000003
-2.811553964148143,0.5624469216857616,0.954441028102383,3.4894462477922,3.374000885833905,-0.0559666165065539,-1,0,Normal,2873,988,3.835343197,0.571909576,3.260618779,76.69279806,85.34188018,0,-2.688709203
-3.9778845226805175,0.2459773203045752,2.085064814996288,-4.454859130702216,4.223861842985093,-0.1093337227659948,-1,2,Normal,8476,1251,3.584184456,1.04136733,4.832814846,77.54527311,72.67294151,1,-3.791447516
-2.639812857918914,-2.2479244224425767,-2.950105638201759,-0.4162491481745514,0.3918884354763381,-0.0094783255482945,-1,2,Normal,8482,852,1.826802862,0.003187131,1.604831193,74.78632291,78.05077611,0,-1.601644062
4.233645298472386,3.74698040935069,3.8449136464726847,0.147741611133231,-0.4866648891216952,-0.0448929651010268,-1,1,Normal,17357,625,4.778378545,4.029163811,0.113936945,77.7600425,73.86826652,0,3.9152268660000002
1.8169783201667973,3.1886506235044445,5.698000274691765,-0.3138970005113121,1.371672303337647,-0.0382697484320126,-1,1,Normal,2838,533,6.168664129,3.179575469,1.365877236,78.03118373,79.36605018,1,1.813698233
-5.67511111905432,-1.5407726328438285,-2.2736201497703137,2.993495779005359,4.134338486210491,-0.1259226719336552,-1,0,Basınç Farkı Sorunu,1256,1349,2.611412646,0.353161674,5.112238267,76.65548154,81.68879974,0,-4.7590765930000005
2.11504679870772,3.3245569177066248,3.5040446103949883,0.1073930700432832,1.209510118998905,-0.0139577016181555,-1,1,Normal,1297,537,2.64525754,3.298530384,1.204778064,75.66542927,73.8714193,0,2.09375232
2.1983717965279728,3.069880561532269,6.065864915343276,-0.5544192885628393,0.8715087650042964,-0.0191347909955582,-1,1,Normal,11084,426,4.075708027,3.017942262,0.869608611,74.22385674,72.51437024,1,2.148333651
-4.25888605236662,-1.7419287607733591,-1.931795535952553,-1.0368572978486517,2.5169572915932603,-0.0521197036410671,-1,2,Normal,14766,671,2.048599975,0.029335341,3.009759199,73.45399206,77.40100735,0,-2.980423858
-2.653526393733638,-0.846673310434258,-3.628294931839703,-0.9266336338980112,1.80685308329938,-0.0127557984444711,-1,2,Normal,16837,440,2.42658244,0.050702934,2.170358472,76.00068053,84.07794799,1,-2.1196555380000004
3.5323811328055514,3.542652147529022,3.695041929684951,0.0080125179468393,0.0102710147234702,-0.0072214971008022,-1,1,Normal,18979,770,1.861567972,3.744753617,0.179036348,76.93771103,80.40789166,1,3.5657172690000003
-3.711353831497517,0.486102806916357,2.1161124354805736,-3.48589136134114,4.1974566384138745,-0.090891203617284,-1,2,Normal,8476,1251,3.584184456,1.04136733,4.832814846,77.54527311,72.67294151,1,-3.791447516
4.219247507747634,3.851596078700725,3.5413928466602447,-0.3953435316276346,-0.3676514290469096,-0.0400187834213838,-1,1,Normal,17357,625,4.778378545,4.029163811,0.113936945,77.7600425,73.86826652,0,3.9152268660000002
-3.47464094551892,0.5009470454303523,1.6889846597354574,0.8878184330017342,3.975587990949272,-0.0457882016627584,-1,0,Normal,18395,532,3.055618795,1.08096697,4.099664178,83.4626583,77.91985357,0,-3.0186972080000003
1.7389824087215002,4.4988595800972,5.17492654317935,-0.8378428543812803,2.7598771713757,-0.091866666232326,-1,1,Normal,4532,825,3.384343129,4.496815639,2.763722907,78.27803397,72.14973671,0,1.7330927320000002
-3.4150057762299744,-2.101867798744253,-3.062721260362922,-1.0120187325231482,1.3131379774857217,-0.0502629462939357,-1,2,Normal,16837,440,2.42658244,0.050702934,2.170358472,76.00068053,84.07794799,1,-2.1196555380000004
5.51448044290178,4.233865152162743,3.964677240102143,-1.1090864217915086,-1.2806152907390371,-0.0844371139171471,-1,1,Normal,2702,779,3.479504563,4.667486076,0.015665224,77.25750551,72.87544025,1,4.651820852
4.060648699947777,3.592113286297787,4.54275637153105,0.1790057466636311,-0.4685354136499891,-0.0419565037448013,-1,1,Normal,17357,625,4.778378545,4.029163811,0.113936945,77.7600425,73.86826652,0,3.9152268660000002
-5.404447847204894,-1.7819757079753622,-3.047892933956305,7.91571411288487,3.622472139229532,-0.1631551236719396,-1,0,Basınç Farkı Sorunu,1256,1349,2.611412646,0.353161674,5.112238267,76.65548154,81.68879974,0,-4.7590765930000005
4.467817084386464,3.981881376462132,3.441222791225707,-0.54795940721702,-0.4859357079243325,-0.0432861503325154,-1,1,Normal,8915,749,4.711205105,4.482303524,0.028292524,75.93688478,78.2094084,1,4.4540109999999995
-0.4449626479969604,3.202191078889965,5.187333599982749,-4.2282209213556445,3.647153726886925,-0.1288340785370476,-1,1,Normal,8157,996,2.320443428,3.176749906,3.64112366,82.99857653,77.66912601,1,-0.4643737539999999
-4.883708912720703,-0.4715665804253692,-1.1180333069418975,-6.005416241836872,4.412142332295334,-0.1186760283847027,-1,2,Normal,1256,1349,2.611412646,0.353161674,5.112238267,76.65548154,81.68879974,0,-4.7590765930000005
3.057013011391644,3.689190010659622,3.3282374120640696,0.630184099891834,0.6321769992679785,-0.0197117287314878,-1,1,Normal,3573,630,2.127567013,3.706368442,0.696314928,76.28214772,88.23178415,1,3.010053514
2.382810662366231,3.335140437955767,2.6939804426271063,1.718011817274565,0.9523297755895364,-0.0352062343119708,-1,1,Normal,14542,611,5.061443229,3.364006221,0.94375664,75.36801295,70.39816185,1,2.4202495809999998
4.5329899902848165,4.369710681048153,3.84290891502909,0.0751946752760308,-0.1632793092366631,-0.0499086620365847,-1,1,Normal,8915,749,4.711205105,4.482303524,0.028292524,75.93688478,78.2094084,1,4.4540109999999995
-4.878495271982937,-1.5972434552916068,-1.037381914035486,0.4262215268983731,3.2812518166913303,-0.0556496684428188,-1,2,Normal,9698,592,2.732990938,0.050258467,3.0841565,80.17340833,87.26852472,0,-3.0338980330000003
-3.096610424122178,-0.2929627100499732,-1.0405199060502244,3.8948775168725,2.8036477140722047,-0.0264663588870104,-1,0,Normal,14766,671,2.048599975,0.029335341,3.009759199,73.45399206,77.40100735,0,-2.980423858
4.084277333878054,3.541764311813254,5.726564261224677,-1.2138648153744855,-0.5425130220648002,-0.0805718585275138,-1,1,Normal,17357,625,4.778378545,4.029163811,0.113936945,77.7600425,73.86826652,0,3.9152268660000002
4.307326893284605,3.3205972987034738,2.9433828500808423,-0.1908558377886807,-0.9867295945811312,-0.0229968332588618,-1,1,Normal,17357,625,4.778378545,4.029163811,0.113936945,77.7600425,73.86826652,0,3.9152268660000002
4.06232224444591,3.0415455498077617,1.8929066194998192,-0.4224968013567117,-1.0207766946381478,-0.0035466440978462,-1,1,Normal,18979,770,1.861567972,3.744753617,0.179036348,76.93771103,80.40789166,1,3.5657172690000003
-2.753326604857241,0.1232535010797795,0.0854021346112672,6.855530911432879,2.8765801059370206,-0.049895289752334,-1,0,Normal,17377,591,3.920064229,0.326801389,2.933617512,76.43856753,70.29171674,1,-2.606816123
-3.2887262927320173,0.0678778342936368,-0.6700289120298079,6.682503227349342,3.3566041270256544,-0.0785981042563378,-1,0,Normal,16927,757,2.380726329,0.316456269,3.370730886,76.08136351,78.05013464,0,-3.054274617
-2.736679351457173,-1.6172170366449787,-2.8467993891362817,-0.9757037636497266,1.1194623148121945,-0.0004304599063479,-1,2,Normal,18793,780,2.286741379,0.027141252,1.889306075,75.71208828,84.81798804,0,-1.8621648229999999
4.997694413003172,3.993444324090061,2.830919055670272,0.3311391975931764,-1.0042500889131114,-0.0449005525756331,-1,1,Normal,8915,749,4.711205105,4.482303524,0.028292524,75.93688478,78.2094084,1,4.4540109999999995
2.483204170304888,4.207234850786972,2.9913922021776687,-1.1160872814954337,1.7240306804820842,-0.0563647895713607,-1,1,Normal,15108,468,4.575782575,4.213051193,1.740869163,77.35780162,77.80614862,1,2.47218203
-4.962168248362811,-2.282712047268143,-2.9604245466002683,5.584720510832799,2.6794562010946685,-0.1570100916766271,-1,0,Basınç Farkı Sorunu,9698,592,2.732990938,0.050258467,3.0841565,80.17340833,87.26852472,0,-3.0338980330000003
3.400431471852922,3.855229255715736,4.554989791392897,-0.2281417351510712,0.4547977838628143,-0.0410636042259038,-1,1,Normal,6460,662,2.271410352,3.899653306,0.526646106,74.95219458,80.76774635,1,3.3730072
2.1386778742176085,4.349211215121892,3.663793563902421,-2.356205779312973,2.210533340904284,-0.1026963934045831,-1,1,Normal,1883,1482,3.593785187,4.342262277,2.220123774,78.61227679,79.27923244,0,2.1221385029999995
5.431819113254718,3.536268471569712,2.957629289204708,-5.381694983163067,-1.8955506416850056,-0.1200820064550359,-1,1,Normal,2702,779,3.479504563,4.667486076,0.015665224,77.25750551,72.87544025,1,4.651820852
4.612002749061322,4.066255132541927,5.6861563716449695,-0.4440974377202337,-0.5457476165193952,-0.0877079355313239,-1,1,Normal,8915,749,4.711205105,4.482303524,0.028292524,75.93688478,78.2094084,1,4.4540109999999995
-3.205289050353099,-2.0023627768568555,-2.855191531366483,-0.6438844394225844,1.2029262734962436,-0.017482255045106,-1,2,Normal,16837,440,2.42658244,0.050702934,2.170358472,76.00068053,84.07794799,1,-2.1196555380000004
4.640022482083076,4.0005332065961925,3.285635193928392,-2.3102507056084804,-0.6394892754868828,-0.0759448051863341,-1,1,Normal,8915,749,4.711205105,4.482303524,0.028292524,75.93688478,78.2094084,1,4.4540109999999995
4.794638846465667,3.6539071838163273,4.784301650399838,0.1374280680484601,-1.14073166264934,-0.0747330503091625,-1,1,Normal,8915,749,4.711205105,4.482303524,0.028292524,75.93688478,78.2094084,1,4.4540109999999995
-4.377949982534383,-0.7303392484089734,-1.3569253513827328,5.217262751426115,3.6476107341254096,-0.0978023389305021,-1,0,Basınç Farkı Sorunu,9698,592,2.732990938,0.050258467,3.0841565,80.17340833,87.26852472,0,-3.0338980330000003
2.7113252653215527,3.307976269609681,3.13320452932527,1.016164752734095,0.5966510042881282,-0.0010601323286781,-1,1,Normal,9817,734,3.180743922,3.418079977,0.690761705,78.7352428,80.51929178,0,2.727318272
4.098869906949039,3.330930723874661,2.5363564676139747,0.924723990100528,-0.7679391830743779,-0.0272119123510129,-1,1,Normal,17357,625,4.778378545,4.029163811,0.113936945,77.7600425,73.86826652,0,3.9152268660000002
-4.690859815290553,-0.3589461293243535,0.0406826035179412,-5.41058346930093,4.3319136859662,-0.1112870093564224,-1,2,Normal,1256,1349,2.611412646,0.353161674,5.112238267,76.65548154,81.68879974,0,-4.7590765930000005
2.4636358235852103,3.280027041766972,4.192725840940722,1.3812551953478749,0.8163912181817614,-0.0508986323736228,-1,1,Normal,17041,495,2.049489829,3.295601526,0.805145305,75.4951468,70.83153048,0,2.490456221
4.592192117050721,3.45621719148358,4.374959093803034,-0.2706630157101173,-1.1359749255671403,-0.059928316753067,-1,1,Normal,17357,625,4.778378545,4.029163811,0.113936945,77.7600425,73.86826652,0,3.9152268660000002
2.4434954656426173,3.7271230774775863,3.089053952273052,-0.0635052598475741,1.2836276118349694,-0.0063671890849792,-1,1,Normal,2058,758,1.954491512,3.752997894,1.278266537,86.69600223,85.06299469,1,2.474731357
3.9219700647175095,3.374145295289127,2.7476667717860845,0.2748071734092406,-0.5478247694283827,-0.0028869392263173,-1,1,Normal,18979,770,1.861567972,3.744753617,0.179036348,76.93771103,80.40789166,1,3.5657172690000003
-0.9545694740978066,-2.322589038113195,-2.839914287569416,-2.6570676983438166,-1.3680195640153885,-0.0227650457781105,-1,2,Normal,17888,883,3.271646521,0.012639849,0.511699536,78.90067605,82.03925667,0,-0.499059687
-4.827311486197238,-1.5354224989706278,-1.9109868857329997,0.6613284979835796,3.29188898722661,-0.0733466585155199,-1,2,Normal,9698,592,2.732990938,0.050258467,3.0841565,80.17340833,87.26852472,0,-3.0338980330000003
-2.828397127097104,-0.7259621238337741,0.8971722148407633,4.59417596246699,2.1024350032633303,-0.0294783602074679,-1,0,Normal,618,359,2.427346872,0.095331933,2.408770614,76.06703282,81.32511853,1,-2.3134386809999996
-2.5112587899809173,-0.2645179071295347,-0.9198732018014442,6.588659991161485,2.246740882851382,-0.0387385386483606,-1,0,Normal,618,359,2.427346872,0.095331933,2.408770614,76.06703282,81.32511853,1,-2.3134386809999996
-3.1964721429025587,-0.4092573447039311,-1.3824318022026862,4.403235639979269,2.787214798198628,-0.0420688364546578,-1,0,Normal,14766,671,2.048599975,0.029335341,3.009759199,73.45399206,77.40100735,0,-2.980423858
-3.3191828495247786,-0.5975691196819772,-1.956117805293864,3.628360092431036,2.7216137298428014,-0.0558456036096679,-1,0,Normal,14766,671,2.048599975,0.029335341,3.009759199,73.45399206,77.40100735,0,-2.980423858
-2.379574005029396,0.2908674030599586,-0.9509840736141304,4.508150216432443,2.6704414080893546,-0.0263917388367641,-1,0,Normal,91,442,2.133638141,0.314028302,2.667828055,76.91038906,83.67252996,1,-2.353799753
3.986410972761698,3.014763764340169,3.634817021305945,0.2259851436859829,-0.9716472084215296,-0.0302627358564182,-1,1,Normal,18979,770,1.861567972,3.744753617,0.179036348,76.93771103,80.40789166,1,3.5657172690000003
4.7484035791600245,3.659151831533564,2.3531274107666347,-1.7248678309593175,-1.089251747626461,-0.0551457530627443,-1,1,Normal,8915,749,4.711205105,4.482303524,0.028292524,75.93688478,78.2094084,1,4.4540109999999995
3.733887815582589,2.979290075654326,4.092303349866328,0.4010900005817329,-0.754597739928263,-0.0141478331894157,-1,1,Normal,17150,617,2.898176092,3.381648443,0.201356299,77.66972866,80.60918994,0,3.180292144
3.4922712050217584,3.5455122283210176,4.727133384244553,-0.0680899582218568,0.0532410232992592,-0.0261994944541028,-1,1,Normal,18979,770,1.861567972,3.744753617,0.179036348,76.93771103,80.40789166,1,3.5657172690000003
3.896378089507852,3.440241816938588,4.765672840522932,0.0413162464684508,-0.4561362725692641,-0.0338447162050872,-1,1,Normal,18979,770,1.861567972,3.744753617,0.179036348,76.93771103,80.40789166,1,3.5657172690000003
-4.957865695352091,-1.785351868381732,-1.675410902530636,-2.5991341686875,3.172513826970359,-0.0884180008317632,-1,2,Normal,9698,592,2.732990938,0.050258467,3.0841565,80.17340833,87.26852472,0,-3.0338980330000003
-3.22847278753133,-0.3150332678230343,-0.1493531958682766,6.780068362375114,2.9134395197082954,-0.0641164768643876,-1,0,Normal,14766,671,2.048599975,0.029335341,3.009759199,73.45399206,77.40100735,0,-2.980423858
3.645751360002635,3.698880758486388,3.4646386698033567,-0.0480934881599418,0.053129398483753,-0.012680700229862,-1,1,Normal,18979,770,1.861567972,3.744753617,0.179036348,76.93771103,80.40789166,1,3.5657172690000003
3.977448111291504,4.2966113849357646,3.980868831573456,0.1464128654630118,0.319163273644261,-0.0539272313721332,-1,1,Normal,7030,957,2.922171074,4.281124941,0.263216487,74.33229009,77.98141005,1,4.017908454
5.298060078211948,4.163731462115285,5.199250791313342,0.2934932826509067,-1.1343286160966628,-0.1044352893397513,-1,1,Normal,2702,779,3.479504563,4.667486076,0.015665224,77.25750551,72.87544025,1,4.651820852
4.530517131953102,4.520780198174402,4.528663518833984,0.0080862999356559,-0.009736933778701,-0.0627868281051005,-1,1,Normal,8915,749,4.711205105,4.482303524,0.028292524,75.93688478,78.2094084,1,4.4540109999999995
-5.312245281882646,-1.71976458739623,-2.7088581773954328,-0.3254023561215768,3.592480694486416,-0.1006636054130419,-1,2,Normal,1256,1349,2.611412646,0.353161674,5.112238267,76.65548154,81.68879974,0,-4.7590765930000005
2.396669631625709,3.5696888561229247,2.19168819690684,-1.846463876532432,1.173019224497216,-0.0348626318989626,-1,1,Normal,18700,1112,2.578227847,3.572181238,1.194892265,75.4631338,74.77771453,0,2.377288973
-0.946069604552259,2.3674202940917577,1.4385248870017286,1.705760097135275,3.3134898986440167,-0.0390178425138825,-1,0,Normal,15516,520,3.83286802,2.455279824,3.43735145,76.24210367,86.44417528,1,-0.9820716259999998
-3.640638332814969,0.4104787417732677,1.49345956301653,-2.970759809529376,4.0511170745882366,-0.0732843475377563,-1,2,Normal,16927,757,2.380726329,0.316456269,3.370730886,76.08136351,78.05013464,0,-3.054274617
-2.4042570157631817,-1.0162361778222495,-2.4212381947388537,3.349457440775909,1.3880208379409322,-0.0192439440390901,-1,0,Normal,18793,780,2.286741379,0.027141252,1.889306075,75.71208828,84.81798804,0,-1.8621648229999999
4.801120152225942,4.288755549019827,4.75291538469128,0.3642387233354563,-0.5123646032061151,-0.0750663566964492,-1,1,Normal,2702,779,3.479504563,4.667486076,0.015665224,77.25750551,72.87544025,1,4.651820852
4.677184109366625,4.03161630142985,4.766961347091984,-0.6242335220671861,-0.6455678079367754,-0.070349408294972,-1,1,Normal,8915,749,4.711205105,4.482303524,0.028292524,75.93688478,78.2094084,1,4.4540109999999995
1.534570747324104,3.38275065220922,3.0232296783954875,4.073117531919284,1.8481799048851155,-0.0914501929537228,-1,1,Normal,18895,514,2.485941825,3.363849218,1.829799957,76.89787343,86.6543582,0,1.5340492609999998
-2.8475552371306634,-0.8974020082054569,-0.7685967861512552,4.261414537690423,1.9501532289252064,-0.0228604330837105,-1,0,Normal,16837,440,2.42658244,0.050702934,2.170358472,76.00068053,84.07794799,1,-2.1196555380000004
-3.501078117337204,0.1810119401190242,-0.404228803291036,2.3633342203677343,3.682090057456228,-0.0467483860472877,-1,0,Normal,16927,757,2.380726329,0.316456269,3.370730886,76.08136351,78.05013464,0,-3.054274617
-3.470177003420066,-1.718332249602579,-2.0288032679466985,3.900087376354744,1.751844753817487,-0.0628388765137124,-1,0,Normal,14766,671,2.048599975,0.029335341,3.009759199,73.45399206,77.40100735,0,-2.980423858
4.074497760330679,3.71292864428938,4.237554296474519,-0.5347254757792448,-0.361569116041299,-0.0435260211063656,-1,1,Normal,17357,625,4.778378545,4.029163811,0.113936945,77.7600425,73.86826652,0,3.9152268660000002
-4.770135285698091,-1.717452674811558,-2.232525683616132,-1.246141201670058,3.052682610886533,-0.0836962735205677,-1,2,Normal,9698,592,2.732990938,0.050258467,3.0841565,80.17340833,87.26852472,0,-3.0338980330000003
-3.863891860826546,-1.5420522427708592,-3.0672019618311683,0.1107171305882434,2.321839618055687,-0.0480651070200091,-1,2,Normal,14766,671,2.048599975,0.029335341,3.009759199,73.45399206,77.40100735,0,-2.980423858
5.481630487318479,4.212102269648828,3.660267604064973,1.1397069241184137,-1.2695282176696514,-0.088620033035854,-1,1,Normal,2702,779,3.479504563,4.667486076,0.015665224,77.25750551,72.87544025,1,4.651820852
-4.778069318858453,-0.3331855619238656,-1.5773867159745332,-4.9703368846893605,4.444883756934587,-0.1194850377358953,-1,2,Normal,1256,1349,2.611412646,0.353161674,5.112238267,76.65548154,81.68879974,0,-4.7590765930000005
3.578926200789997,3.921266873726489,3.358549043872302,-0.3559457041863845,0.342340672936492,-0.0195543194345473,-1,1,Normal,18979,770,1.861567972,3.744753617,0.179036348,76.93771103,80.40789166,1,3.5657172690000003
-4.349720666054682,-0.2708546579358982,-1.053858142825808,-3.55506823488926,4.078866008118784,-0.0887814788951713,-1,2,Normal,1256,1349,2.611412646,0.353161674,5.112238267,76.65548154,81.68879974,0,-4.7590765930000005
4.909041651189712,3.6763477352539273,5.568836938227431,0.4939874486225865,-1.2326939159357848,-0.0983139017294952,-1,1,Normal,8915,749,4.711205105,4.482303524,0.028292524,75.93688478,78.2094084,1,4.4540109999999995
4.36992549302919,3.2858198160392007,2.476979971853005,-0.4892200140850204,-1.0841056769899895,-0.031651285279306,-1,1,Normal,17357,625,4.778378545,4.029163811,0.113936945,77.7600425,73.86826652,0,3.9152268660000002
-4.654832329336034,-1.5555139911889495,-1.2212607892997138,0.5068245654664246,3.0993183381470844,-0.0396605841882475,-1,2,Normal,9698,592,2.732990938,0.050258467,3.0841565,80.17340833,87.26852472,0,-3.0338980330000003
-4.3304754785297925,-0.5862158766863661,-2.07570172626406,-4.452731970384922,3.744259601843426,-0.1083367964488746,-1,2,Normal,9698,592,2.732990938,0.050258467,3.0841565,80.17340833,87.26852472,0,-3.0338980330000003
-3.83006547199999,-0.291707813355903,-1.673387443802702,5.999782210304055,3.538357658644087,-0.1109321216941452,-1,0,Normal,9698,592,2.732990938,0.050258467,3.0841565,80.17340833,87.26852472,0,-3.0338980330000003
-4.116031721313343,-0.5316165770988361,-0.0060109616329517,-5.60208824781583,3.584415144214507,-0.0975113251404771,-1,2,Normal,9698,592,2.732990938,0.050258467,3.0841565,80.17340833,87.26852472,0,-3.0338980330000003
-4.41576092376788,-0.8927653863537098,0.061652534817274,0.4444581307215391,3.522995537414169,-0.0387151100130851,-1,2,Normal,9698,592,2.732990938,0.050258467,3.0841565,80.17340833,87.26852472,0,-3.0338980330000003
3.907789845679436,3.1898333106323937,3.154530997656856,0.6257583521244631,-0.717956535047042,-0.0118768479979157,-1,1,Normal,18979,770,1.861567972,3.744753617,0.179036348,76.93771103,80.40789166,1,3.5657172690000003
-4.361791054631933,-0.9116523761267178,-1.4510947970056467,-3.613036722200469,3.4501386785052155,-0.0815253042115713,-1,2,Normal,9698,592,2.732990938,0.050258467,3.0841565,80.17340833,87.26852472,0,-3.0338980330000003
-1.6902171222600593,1.499922918548701,0.6547188836195338,8.020052804351236,3.1901400408087603,-0.0899694794940404,-1,0,Normal,10607,989,2.335419379,1.455417894,3.091981189,73.6019776,69.17867109,1,-1.6365632950000002
-0.6615071705834343,3.208191828679518,2.8582595426403694,2.266842382776061,3.869698999262953,-0.0975811549944967,-1,0,Normal,13813,569,3.095998031,3.364111339,3.936735676,75.81971729,91.07002428,0,-0.5726243370000001
1.5795835415387791,2.41831684821808,1.7782806264450226,3.16795566274844,0.8387333066793003,-0.0407116055081522,-1,1,Normal,9586,1232,5.097015088,2.490010153,0.857126903,76.60041348,85.24701942,1,1.63288325
1.3326579514366186,3.554069978438727,4.376806286293844,-0.989817762900311,2.2214120270021085,-0.068154851496993,-1,1,Normal,14297,984,2.428143317,3.546530666,2.245371343,74.49879775,74.92138708,1,1.3011593230000003
4.72632697179051,3.820621138669715,3.643477922229663,-0.0431886639457643,-0.9057058331207952,-0.0517584512913029,-1,1,Normal,8915,749,4.711205105,4.482303524,0.028292524,75.93688478,78.2094084,1,4.4540109999999995
-3.2774244630180918,0.4074945993348392,-0.2207204235221267,-1.0085066345177016,3.68491906235293,-0.0033710166358643,-1,2,Normal,16927,757,2.380726329,0.316456269,3.370730886,76.08136351,78.05013464,0,-3.054274617
4.867604335250758,3.747186189971312,4.600996427352638,-0.6270251265533087,-1.120418145279446,-0.0810322936948875,-1,1,Normal,8915,749,4.711205105,4.482303524,0.028292524,75.93688478,78.2094084,1,4.4540109999999995
-3.771929892044067,-0.8290892298151807,-1.07418995987623,-4.170488075512337,2.9428406622288863,-0.0460886564880368,-1,2,Normal,9698,592,2.732990938,0.050258467,3.0841565,80.17340833,87.26852472,0,-3.0338980330000003
-3.2650360652251,-0.1181844873986623,0.1423824641127944,2.3255365723518397,3.1468515778264377,-0.0172444875019037,-1,0,Normal,9698,592,2.732990938,0.050258467,3.0841565,80.17340833,87.26852472,0,-3.0338980330000003
3.684091735147456,4.031293810980163,3.00110675330804,-0.2221736267623482,0.3472020758327065,-0.0155577947379373,-1,1,Normal,3656,400,3.717109487,4.124321566,0.439110813,76.41543137,80.10387695,1,3.685210753
-4.148924066715901,-0.0308950406819943,1.8539181406989496,0.4579730574474364,4.1180290260339065,-0.0710573797219289,-1,2,Normal,1256,1349,2.611412646,0.353161674,5.112238267,76.65548154,81.68879974,0,-4.7590765930000005
3.5572793443546824,3.9042424182408846,3.5144101227220585,0.7179798543340341,0.3469630738862022,-0.0405902987432632,-1,1,Normal,18979,770,1.861567972,3.744753617,0.179036348,76.93771103,80.40789166,1,3.5657172690000003
2.758154888352115,3.861237684021804,2.965318796455379,2.5464505997973874,1.1030827956696885,-0.0780361588577805,-1,1,Normal,10884,794,3.234853857,3.872792022,1.118752629,78.74243207,81.97172538,0,2.7540393930000002
-1.110950113777874,2.3452969160933548,1.8634103626606413,-1.7079377469890231,3.456247029871229,-0.0469940643082334,-1,2,Normal,15516,520,3.83286802,2.455279824,3.43735145,76.24210367,86.44417528,1,-0.9820716259999998
-4.254575031156801,0.6568215058207912,-0.4381864913252132,2.216346186534622,4.911396536977592,-0.0920183692936519,-1,0,Basınç Farkı Sorunu,4300,504,2.237784081,1.030726394,5.350525442,77.0399113,82.8267776,1,-4.319799048
